Workbook

Sheet Pivot_Analysis
A3: Row Labels | B3: Sum of Sales | C3: Sum of Profit
A4: Accessories | B4: 34200 | C4: 9750
A5: Electronics | B5: 402700 | C5: 53850
A6: Furniture | B6: 107800 | C6: 17800
A7: Grand Total | B7: 544700 | C7: 81400

Sheet Pivot_Monthly
A3: Row Labels | B3: Sum of Sales | C3: Sum of Profit
A4: Jan | B4: 216200 | C4: 32000
A5: Feb | B5: 186100 | C5: 27550
A6: Mar | B6: 142400 | C6: 21850
A7: Grand Total | B7: 544700 | C7: 81400

Sheet Pivot_City
A3: Row Labels | B3: Sum of Sales | C3: Sum of Profit
A4: Chennai | B4: 231300 | C4: 33500
A5: Coimbatore | B5: 105000 | C5: 15600
A6: Madurai | B6: 111000 | C6: 16850
A7: Salem | B7: 88400 | C7: 13950
A8: Trichy | B8: 9000 | C8: 1500
A9: Grand Total | B9: 544700 | C9: 81400

Sheet Pivot_Product
A3: Row Labels | B3: Sum of Sales | C3: Sum of Profit
A4: Desk | B4: 55000 | C4: 9150
A5: Headphones | B5: 13000 | C5: 3700
A6: Keyboard | B6: 15500 | C6: 4250
A7: Laptop | B7: 296000 | C7: 39500
A8: Monitor | B8: 106700 | C8: 14350
A9: Mouse | B9: 5700 | C9: 1800
A10: Office Chair | B10: 52800 | C10: 8650
A11: Grand Total | B11: 544700 | C11: 81400

Sheet Raw_Data
A1: Order_ID | B1: Date | C1: Product | D1: Category | E1: Customer | F1: City | G1: Quantity | H1: Sales | I1: Profit | J1: Profit_Margin | K1: Month
A2: ORD001 | B2: 45658 | C2: Laptop | D2: Electronics | E2: Arun | F2: Chennai | G2: 1 | H2: 55000 | I2: 7000 | J2: =I2/H2 -> 0.12727273 | K2: =TEXT(B2,"mmm") -> Jan
A3: ORD002 | B3: 45659 | C3: Mouse | D3: Accessories | E3: Ravi | F3: Madurai | G3: 2 | H3: 1600 | I3: 500 | J3: =I3/H3 -> 0.3125 | K3: =TEXT(B3,"mmm") -> Jan
A4: ORD003 | B4: 45660 | C4: Office Chair | D4: Furniture | E4: Kumar | F4: Chennai | G4: 1 | H4: 7500 | I4: 1200 | J4: =I4/H4 -> 0.16 | K4: =TEXT(B4,"mmm") -> Jan
A5: ORD004 | B5: 45662 | C5: Keyboard | D5: Accessories | E5: Priya | F5: Coimbatore | G5: 1 | H5: 2200 | I5: 600 | J5: =I5/H5 -> 0.27272727 | K5: =TEXT(B5,"mmm") -> Jan
A6: ORD005 | B6: 45664 | C6: Monitor | D6: Electronics | E6: Anjali | F6: Chennai | G6: 2 | H6: 30000 | I6: 4000 | J6: =I6/H6 -> 0.13333333 | K6: =TEXT(B6,"mmm") -> Jan
A7: ORD006 | B7: 45666 | C7: Desk | D7: Furniture | E7: Suresh | F7: Trichy | G7: 1 | H7: 9000 | I7: 1500 | J7: =I7/H7 -> 0.16666667 | K7: =TEXT(B7,"mmm") -> Jan
A8: ORD007 | B8: 45669 | C8: Laptop | D8: Electronics | E8: Meena | F8: Madurai | G8: 1 | H8: 62000 | I8: 8500 | J8: =I8/H8 -> 0.13709677 | K8: =TEXT(B8,"mmm") -> Jan
A9: ORD008 | B9: 45672 | C9: Headphones | D9: Accessories | E9: Vijay | F9: Coimbatore | G9: 2 | H9: 5000 | I9: 1400 | J9: =I9/H9 -> 0.28 | K9: =TEXT(B9,"mmm") -> Jan
A10: ORD009 | B10: 45675 | C10: Office Chair | D10: Furniture | E10: Divya | F10: Chennai | G10: 2 | H10: 15000 | I10: 2500 | J10: =I10/H10 -> 0.16666667 | K10: =TEXT(B10,"mmm") -> Jan
A11: ORD010 | B11: 45677 | C11: Keyboard | D11: Accessories | E11: Arun | F11: Salem | G11: 2 | H11: 4400 | I11: 1200 | J11: =I11/H11 -> 0.27272727 | K11: =TEXT(B11,"mmm") -> Jan
A12: ORD011 | B12: 45680 | C12: Monitor | D12: Electronics | E12: Ravi | F12: Chennai | G12: 1 | H12: 15000 | I12: 2000 | J12: =I12/H12 -> 0.13333333 | K12: =TEXT(B12,"mmm") -> Jan
A13: ORD012 | B13: 45683 | C13: Desk | D13: Furniture | E13: Priya | F13: Madurai | G13: 1 | H13: 9500 | I13: 1600 | J13: =I13/H13 -> 0.16842105 | K13: =TEXT(B13,"mmm") -> Jan
... A31: ORD030 | B31: 45739 | C31: Desk | D31: Furniture | E31: Priya | F31: Salem | G31: 1 | H31: 9200 | I31: 1550 | J31: =I31/H31 -> 0.16847826 | K31: =TEXT(B31,"mmm") -> Mar

Sheet Analysis
A1: KPI | B1: Value
A2: Total Sales | B2: =SUM(SalesData[Sales]) -> 544700
A3: Total Profit | B3: =SUM(SalesData[Profit]) -> 81400
A4: Total Quantity | B4: =SUM(SalesData[Quantity]) -> 44
A5: Number of Orders | B5: =COUNTA(SalesData[Order_ID]) -> 30
A6: Average Order Value | B6: =B2/B5 -> 18156.667
A7: Overall Profit Margin | B7: =B3/B2 -> 0.14944006
A10: Category | B10: Total Sales | C10: Total Profit | D10: Profit Margin | E10: Total Quantity
A11: Electronics | B11: =SUMIFS(SalesData[Sales],SalesData[Category],A11) -> 402700 | C11: =SUMIFS(SalesData[Profit],SalesData[Category],A11) -> 53850 | D11: =C11/B11 -> 0.13372237 | E11: =SUMIFS(SalesData[Quantity],SalesData[Category],A11) -> 12
A12: Accessories | B12: =SUMIFS(SalesData[Sales],SalesData[Category],A12) -> 34200 | C12: =SUMIFS(SalesData[Profit],SalesData[Category],A12) -> 9750 | D12: =C12/B12 -> 0.28508772 | E12: =SUMIFS(SalesData[Quantity],SalesData[Category],A12) -> 19
A13: Furniture | B13: =SUMIFS(SalesData[Sales],SalesData[Category],A13) -> 107800 | C13: =SUMIFS(SalesData[Profit],SalesData[Category],A13) -> 17800 | D13: =C13/B13 -> 0.16512059 | E13: =SUMIFS(SalesData[Quantity],SalesData[Category],A13) -> 13
A17: Month | B17: Total Sales | C17: Total Profit | D17: Profit Margin
A18: Jan | B18: =SUMIFS(SalesData[Sales],SalesData[Month],A18) -> 216200 | C18: =SUMIFS(SalesData[Profit],SalesData[Month],A18) -> 32000 | D18: =C18/B18 -> 0.1480111
A19: Feb | B19: =SUMIFS(SalesData[Sales],SalesData[Month],A19) -> 186100 | C19: =SUMIFS(SalesData[Profit],SalesData[Month],A19) -> 27550 | D19: =C19/B19 -> 0.14803869
A20: Mar | B20: =SUMIFS(SalesData[Sales],SalesData[Month],A20) -> 142400 | C20: =SUMIFS(SalesData[Profit],SalesData[Month],A20) -> 21850 | D20: =C20/B20 -> 0.15344101
A23: City | B23: Total Sales | C23: Total Profit | D23: Profit Margin
A24: Chennai | B24: =SUMIFS(SalesData[Sales],SalesData[City],A24) -> 231300 | C24: =SUMIFS(SalesData[Profit],SalesData[City],A24) -> 33500 | D24: =C24/B24 -> 0.14483355
A25: Madurai | B25: =SUMIFS(SalesData[Sales],SalesData[City],A25) -> 111000 | C25: =SUMIFS(SalesData[Profit],SalesData[City],A25) -> 16850 | D25: =C25/B25 -> 0.1518018
A26: Coimbatore | B26: =SUMIFS(SalesData[Sales],SalesData[City],A26) -> 105000 | C26: =SUMIFS(SalesData[Profit],SalesData[City],A26) -> 15600 | D26: =C26/B26 -> 0.14857143
A27: Salem | B27: =SUMIFS(SalesData[Sales],SalesData[City],A27) -> 88400 | C27: =SUMIFS(SalesData[Profit],SalesData[City],A27) -> 13950 | D27: =C27/B27 -> 0.15780543
A28: Trichy | B28: =SUMIFS(SalesData[Sales],SalesData[City],A28) -> 9000 | C28: =SUMIFS(SalesData[Profit],SalesData[City],A28) -> 1500 | D28: =C28/B28 -> 0.16666667
A33: Product | B33: Total Sales | C33: Total Profit | D33: Profit Margin
A34: Laptop | B34: =SUMIFS(SalesData[Sales],SalesData[Product],A34) -> 296000 | C34: =SUMIFS(SalesData[Profit],SalesData[Product],A34) -> 39500 | D34: =C34/B34 -> 0.13344595
A35: Mouse | B35: =SUMIFS(SalesData[Sales],SalesData[Product],A35) -> 5700 | C35: =SUMIFS(SalesData[Profit],SalesData[Product],A35) -> 1800 | D35: =C35/B35 -> 0.31578947
A36: Office Chair | B36: =SUMIFS(SalesData[Sales],SalesData[Product],A36) -> 52800 | C36: =SUMIFS(SalesData[Profit],SalesData[Product],A36) -> 8650 | D36: =C36/B36 -> 0.16382576
A37: Keyboard | B37: =SUMIFS(SalesData[Sales],SalesData[Product],A37) -> 15500 | C37: =SUMIFS(SalesData[Profit],SalesData[Product],A37) -> 4250 | D37: =C37/B37 -> 0.27419355
A38: Monitor | B38: =SUMIFS(SalesData[Sales],SalesData[Product],A38) -> 106700 | C38: =SUMIFS(SalesData[Profit],SalesData[Product],A38) -> 14350 | D38: =C38/B38 -> 0.13448922
A39: Desk | B39: =SUMIFS(SalesData[Sales],SalesData[Product],A39) -> 55000 | C39: =SUMIFS(SalesData[Profit],SalesData[Product],A39) -> 9150 | D39: =C39/B39 -> 0.16636364
A40: Headphones | B40: =SUMIFS(SalesData[Sales],SalesData[Product],A40) -> 13000 | C40: =SUMIFS(SalesData[Profit],SalesData[Product],A40) -> 3700 | D40: =C40/B40 -> 0.28461538

Sheet Dashboard
A1: Retail Sales Dashboard
A3: Sales Performance Analysis | January–March 2025
A5: Total Sales | C5: Total Profit | E5: Total Quantity | G5: Number of Orders | I5: Average Order Value
A6: =Analysis!B2 -> 544700 | C6: =Analysis!B3 -> 81400 | E6: =Analysis!B4 -> 44 | G6: =Analysis!B5 -> 30 | I6: =Analysis!B6 -> 18156.667
A39: Business Insights
A41: Electronics generated the highest sales: ₹4,02,700
A42: January recorded the highest monthly sales: ₹2,16,200
A43: Chennai generated the highest city sales: ₹2,31,300
A44: Accessories had the highest profit margin: 28.51%
